dari_term,english_term,latin_term,abbreviation,preferred_form,forbidden_forms,accepted_variants,source_authority,usage_notes,first_appearance,decision,confidence
حجره,Cell,,,حجره (Cell),سلول;یاخته,,"Afghan MoE Biology Grade 7 (moe.gov.af, Kabul 1398) — «حجره را کوچکترین واحد ساختمانی و وظیفوی تعریف کرد»؛ «مایکروسکوپ … برای اولین بار حجرات کارک را … زیر مایکروسکوپ مشاهده نمود»","CANONICAL. Afghan Dari uses حجره for Cell; plural حجرات. Confirmed by MOHE Biology curriculum («حجره نباتی»), خاتم النبیین histology text, and AfghanVet («در کشور ما افغانستان ... واژه حجره به عوض سلول به مفهوم Cell به کار گرفته شده است»). سلول is the Iranian-Persian standard and is prohibited. NEVER list «سل» as forbidden — it is a prefix of both حجره and سلول.",Ch01,AFGHAN STANDARD,HIGH
حجرات,Cells,,,حجرات (Cells),سلول‌ها,,"Afghan MoE Biology Grade 7 (moe.gov.af, Kabul 1398) — «انواع مختلف حجرات»، «مقایسه حجرات حیوانی و نباتی»",Plural of حجره. Use انساج for the plural of نسج.,Ch01,AFGHAN STANDARD,HIGH
حجروی,Cellular,,,حجروی (Cellular),سلولی,,"Afghan MoE Biology Grade 7 (moe.gov.af, Kabul 1398) — «غشای حجروی»، «تنظیم حجروي»، «نظریۀ حجروی»",Adjective from حجره. Also used in the official MOHE book title «معافیت حجروی و مالیکولی».,Ch01,AFGHAN STANDARD,HIGH
بین‌حجروی,Intercellular,,,بین‌حجروی (Intercellular),بین‌سلولی,,Project canonical decision (Terminology Gate) — Afghan usage confirmed by sources,Attested in Afghan Pashto/Dari teaching («بین الحجروي مسافه»).,Ch04,AFGHAN STANDARD,HIGH
خارج‌حجروی,Extracellular,,,خارج‌حجروی (Extracellular),خارج‌سلولی,,Project canonical decision (Terminology Gate) — Afghan usage confirmed by sources,,Ch02,AFGHAN STANDARD,HIGH
درون‌حجروی,Intracellular,,,درون‌حجروی (Intracellular),درون‌سلولی,,Project canonical decision (Terminology Gate) — Afghan usage confirmed by sources,,Ch02,AFGHAN STANDARD,HIGH
نسج,Tissue,,,نسج (Tissue),بافت,,"Afghan MoE Biology Grade 7 (moe.gov.af, Kabul 1398) — «انساج، انساج نباتی / انساج حیوانی»؛ S5 «نسج منضم»","CANONICAL. Afghan Dari uses نسج (plural انساج). Confirmed by MOHE Biology curriculum («انواع انساج نباتی»), the خاتم النبیین histology text, and the Scribd Afghan lecture «Connective Tissue نسج منضم». بافت is the Iranian-Persian standard and is prohibited.",Ch01,AFGHAN STANDARD,HIGH
انساج,Tissues,,,انساج (Tissues),بافت‌ها;بافت‌های;نسج‌ها;نسج‌های,,"Afghan MoE Biology Grade 7 (moe.gov.af, Kabul 1398) — «سطوح تنظیم در موجودات زنده، انساج، انساج نباتی»",Afghan plural of نسج. The plural construct is «انساجِ».,Ch01,AFGHAN STANDARD,HIGH
نسج منضم,Connective tissue,,,نسج منضم (Connective tissue),بافت پیوندی;بافت رابط;بافت همبند,,Afghan faculty histology text (خاتم النبیین University) — «نسج منضم» (Afghan connective-tissue teaching); ME7 «انساج»,"CANONICAL, user-mandated and independently confirmed by an Afghan histology lecture titled «Connective Tissue نسج منضم» and by the خاتم النبیین text («محل اصلی WBC در نسج منضم است»).",Ch01,AFGHAN STANDARD,HIGH
نسج اپیتلیال,Epithelial tissue,,,نسج اپیتلیال (Epithelial tissue),بافت پوششی;بافت اپیتلیال;بافت پوششی,,Project canonical decision (Terminology Gate) — Afghan usage confirmed by sources,Afghan teaching uses اپیتلیوم as the noun; the tissue is نسج اپیتلیال.,Ch01,AFGHAN STANDARD,HIGH
هستولوژی,Histology,,,هستولوژی (Histology),بافت شناسی;بافت‌شناسی,,Afghan MoPH official register — «هستولوژی/هستوپتالوژی»,The official course name in the Afghan medical curriculum (kateb.edu.af: «Histology (1) · هستولوژی · 77005»).,Ch01,AFGHAN STANDARD,HIGH
سایتولوژی,Cytology,,,سایتولوژی (Cytology),یاخته‌شناسی;سلول‌شناسی,,Afghan MoPH official register — «سایتولوژی»,Used by the Afghan MoPH job description («پتالوژی اناتومیک (هستولوژی/هستوپتالوژی، سایتولوژی)»).,Ch01,AFGHAN STANDARD,HIGH
پتالوژی,Pathology,,,پتالوژی (Pathology),پاتولوژی;آسیب‌شناسی,,Afghan MoPH official register — «پتالوژی اناتومیک (هستولوژی/هستوپتالوژی، سایتولوژی)»,Afghan MoPH and MoHE use پتالوژی; the Kabul medical curriculum lists «Pathology (1) · پتالوژی».,Ch01,AFGHAN STANDARD,HIGH
هستوپتالوژی,Histopathology,,,هستوپتالوژی (Histopathology),هیستوپاتولوژی;بافت‌آسیب‌شناسی,,Afghan MoPH official register — «هستوپتالوژی»,Afghan MoHE job-advert source list names «بست هستوپتالوژی پوهنحی طب».,Ch01,AFGHAN STANDARD,HIGH
اناتومی,Anatomy,,,اناتومی (Anatomy),کالبدشناسی;تشریح,,Project canonical decision (Terminology Gate) — Afghan usage confirmed by sources,Afghan medical curriculum: «Anatomy (1) · اناتومی».,Ch01,AFGHAN STANDARD,HIGH
فزیولوژی,Physiology,,,فزیولوژی (Physiology),فیزیولوژی,,Project canonical decision (Terminology Gate) — Afghan usage confirmed by sources,"Afghan curriculum spells it فزیولوژی (ز not ز-ی); both are heard, this is the book standard.",Ch01,AFGHAN STANDARD,HIGH
طب,Medicine (discipline),,,طب (Medicine (discipline)),پزشکی,,Project canonical decision (Terminology Gate) — Afghan usage confirmed by sources,Afghan usage: «فاکولته طب»، «طب معالجوی»، «مرکز طبی». پزشکی is the Iranian form.,Ch01,AFGHAN STANDARD,HIGH
داکتر,Doctor / physician,,,داکتر (Doctor / physician),پزشک,,Afghan MoE Science Grade 12 (moe.gov.af) — «فرد مریض باید تحت مراقبت داکتر بوده»,Afghan forms داکتر and دوکتور both occur; داکتر is the book standard.,Ch01,AFGHAN STANDARD,HIGH
شفاخانه,Hospital,,,شفاخانه (Hospital),بیمارستان,,Project canonical decision (Terminology Gate) — Afghan usage confirmed by sources,,Ch01,AFGHAN STANDARD,HIGH
محصل,Student,,,محصل (Student),دانشجو,,Project canonical decision (Terminology Gate) — Afghan usage confirmed by sources,Afghan: «محصلین» in every Afghan curriculum document.,Ch01,AFGHAN STANDARD,HIGH
پوهنحی,Faculty (of a university),,,پوهنحی (Faculty (of a university)),دانشکده,,Project canonical decision (Terminology Gate) — Afghan usage confirmed by sources,Afghan: پوهنحی طب معالجوی. University = پوهنتون.,Ch01,AFGHAN STANDARD,HIGH
مریضی,Disease,,,مریضی (Disease),بیماری,,Project canonical decision (Terminology Gate) — Afghan usage confirmed by sources,Afghan: «مریضی سل»، «امراض». Iranian standard is بیماری.,Ch01,AFGHAN STANDARD,HIGH
مریض,Patient,,,مریض (Patient),بیمار,,Afghan MoE Science Grade 12 (moe.gov.af) — «مریض»، «مریضی»,Afghan clinical register: «مریضان».,Ch01,AFGHAN STANDARD,HIGH
امراض,Diseases,,,امراض (Diseases),بیماری‌ها,,Project canonical decision (Terminology Gate) — Afghan usage confirmed by sources,The Afghan institutional plural («امراض جلدی»، «امراض هاضمه»); accepted alongside مریضی‌ها.,Ch01,AFGHAN STANDARD,HIGH
تداوی,Treatment,,,تداوی (Treatment),درمان;معالجه,,Afghan doctors' clinical writing (afghan-doctors.com) — «رادیو تراپی (تداوی اشعوی)»، «تداوی دوایی»، «کیموتراپی»,Wikipedia's Afghan/Iranian differential list records «تداوی: درمان». Afghan MoPH and every Afghan hospital site use تداوی.,Ch01,AFGHAN STANDARD,HIGH
وقایه,Prevention,,,وقایه (Prevention),پیشگیری,,Project canonical decision (Terminology Gate) — Afghan usage confirmed by sources,Afghan: «قابل اجتناب (وقایه یا تداوی)».,Ch05,AFGHAN STANDARD,HIGH
اسلاید,Slide,,,اسلاید (Slide),لام;لام میکروسکوپی,,Project canonical decision (Terminology Gate) — Afghan usage confirmed by sources,English retained and used as the Afghan technical word.,Ch01,ENGLISH RETAINED,HIGH
رنگ‌آمیزی,Staining,,,رنگ‌آمیزی (Staining),,,AfghanVet biology text («بعد از رنگ‌آمیزی در زیر مایکروسکوپ»).,Written with ZWNJ. Not an Iranian-specific form.,Ch01,AFGHAN STANDARD,HIGH
مایکروسکوپ,Microscope,,,مایکروسکوپ (Microscope),میکروسکوپ,,"Afghan MoE Biology Grade 7 (moe.gov.af, Kabul 1398) — ch.1 «مایکروسکوپ و انواع آن»؛ «مایکروسکوپ مرکب نوری»","Afghan sources write مایکروسکوپ (AfghanVet, khateb texts).",Ch01,AFGHAN STANDARD,HIGH
مایکروسکوپ نوری,Light microscope (LM),,LM,مایکروسکوپ نوری (Light microscope (LM)),,,Project canonical decision (Terminology Gate) — Afghan usage confirmed by sources,Abbreviated LM in English text throughout the book.,Ch01,AFGHAN STANDARD,HIGH
مایکروسکوپ الکترونی,Electron microscope,,,مایکروسکوپ الکترونی (Electron microscope),,,Project canonical decision (Terminology Gate) — Afghan usage confirmed by sources,TEM = مایکروسکوپ الکترونی انتقالی; SEM = مایکروسکوپ الکترونی سکنی.,Ch01,AFGHAN STANDARD,HIGH
تثبیت,Fixation,,,تثبیت (Fixation),,,Established English-derived transliteration retained as the term Afghan readers recognise; no Afghanistan-specific documentary source located in this audit (see editorial/terminology-decisions.md §14),Also written فیکساتیو (English transliteration).,Ch01,COMMON AFGHAN TRANSLITERATION,HIGH
فرمالین,Formalin,,,فرمالین (Formalin),,,Established English-derived transliteration retained as the term Afghan readers recognise; no Afghanistan-specific documentary source located in this audit (see editorial/terminology-decisions.md §14),Afghan texts also use فرمالین/فورمالین interchangeably; استاندارد = فرمالین.,Ch01,COMMON AFGHAN TRANSLITERATION,HIGH
پارافین,Paraffin,,,پارافین (Paraffin),,,Established English-derived transliteration retained as the term Afghan readers recognise; no Afghanistan-specific documentary source located in this audit (see editorial/terminology-decisions.md §14),,Ch01,COMMON AFGHAN TRANSLITERATION,HIGH
میکروتوم,Microtome,,,میکروتوم (Microtome),,,Established English-derived transliteration retained as the term Afghan readers recognise; no Afghanistan-specific documentary source located in this audit (see editorial/terminology-decisions.md §14),,Ch01,COMMON AFGHAN TRANSLITERATION,HIGH
بیوپسی,Biopsy,,,بیوپسی (Biopsy),,,Established English-derived transliteration retained as the term Afghan readers recognise; no Afghanistan-specific documentary source located in this audit (see editorial/terminology-decisions.md §14),Afghan clinical form; English also used in full.,Ch01,COMMON AFGHAN TRANSLITERATION,HIGH
آرتیفکت,Artifact,,,آرتیفکت (Artifact),,,Established English-derived transliteration retained as the term Afghan readers recognise; no Afghanistan-specific documentary source located in this audit (see editorial/terminology-decisions.md §14),,Ch01,COMMON AFGHAN TRANSLITERATION,HIGH
هماتوکسیلین,Hematoxylin,,,هماتوکسیلین (Hematoxylin),,,Established English-derived transliteration retained as the term Afghan readers recognise; no Afghanistan-specific documentary source located in this audit (see editorial/terminology-decisions.md §14),,Ch01,COMMON AFGHAN TRANSLITERATION,HIGH
ائوزین,Eosin,,,ائوزین (Eosin),,,Established English-derived transliteration retained as the term Afghan readers recognise; no Afghanistan-specific documentary source located in this audit (see editorial/terminology-decisions.md §14),The H&E pair; H&E is kept as the English abbreviation.,Ch01,COMMON AFGHAN TRANSLITERATION,HIGH
بازوفیلی,Basophilia,,,بازوفیلی (Basophilia),,,Established English-derived transliteration retained as the term Afghan readers recognise; no Afghanistan-specific documentary source located in this audit (see editorial/terminology-decisions.md §14),,Ch01,COMMON AFGHAN TRANSLITERATION,HIGH
ائوزینوفیلی,Eosinophilia,,,ائوزینوفیلی (Eosinophilia),,,Established English-derived transliteration retained as the term Afghan readers recognise; no Afghanistan-specific documentary source located in this audit (see editorial/terminology-decisions.md §14),,Ch01,COMMON AFGHAN TRANSLITERATION,HIGH
متاکرومازی,Metachromasia,,,متاکرومازی (Metachromasia),,,Established English-derived transliteration retained as the term Afghan readers recognise; no Afghanistan-specific documentary source located in this audit (see editorial/terminology-decisions.md §14),Classic exam point: mast-cell granules.,Ch01,COMMON AFGHAN TRANSLITERATION,HIGH
تولوئیدین‌بلو,Toluidine blue,,,تولوئیدین‌بلو (Toluidine blue),,,Established English-derived transliteration retained as the term Afghan readers recognise; no Afghanistan-specific documentary source located in this audit (see editorial/terminology-decisions.md §14),,Ch01,COMMON AFGHAN TRANSLITERATION,HIGH
ایمونوهیستوشیمی,Immunohistochemistry,,IHC,ایمونوهیستوشیمی (Immunohistochemistry),,,Established English-derived transliteration retained as the term Afghan readers recognise; no Afghanistan-specific documentary source located in this audit (see editorial/terminology-decisions.md §14),Abbreviated IHC.,Ch01,COMMON AFGHAN TRANSLITERATION,HIGH
سیتوپلاسم,Cytoplasm,,,سیتوپلاسم (Cytoplasm),,,Established English-derived transliteration retained as the term Afghan readers recognise; no Afghanistan-specific documentary source located in this audit (see editorial/terminology-decisions.md §14),"All three spellings circulate in Afghan texts (سیتوپلاسم, سیتوپلازم, سایتوپلازم). The book standardises on سیتوپلاسم (AfghanVet form). Variants accepted, NOT forbidden. Do not add سیتوپلازم or سایتوپلازم to forbidden_forms.",Ch02,AFGHAN STANDARD,MEDIUM
سیتوزول,Cytosol,,,سیتوزول (Cytosol),,,Established English-derived transliteration retained as the term Afghan readers recognise; no Afghanistan-specific documentary source located in this audit (see editorial/terminology-decisions.md §14),Also written سایتوزول; both accepted.,Ch02,AFGHAN STANDARD,MEDIUM
غشای حجروی,Cell membrane,,,غشای حجروی (Cell membrane),غشای سلولی,غشای پلاسمایی,"Afghan MoE Biology Grade 7 (moe.gov.af, Kabul 1398) — «غشای حجروی: به‌نام غشای پالزمایی هم یاد میشود»","Afghan sources write «غشای حجره» / «حجروي غشا» (TolAfghan, wasiweb). پلاسمالما is kept as the English/Latin term where the exam needs it.",Ch02,AFGHAN STANDARD,HIGH
پلاسمالما,Plasma membrane,plasmalemma,,پلاسمالما (Plasma membrane),,,Established English-derived transliteration retained as the term Afghan readers recognise; no Afghanistan-specific documentary source located in this audit (see editorial/terminology-decisions.md §14),English/Latin term retained for exam recognition.,Ch02,ENGLISH RETAINED,HIGH
مالیکول,Molecule,,,مالیکول (Molecule),مولکول,,MOHE official book title «معافیت حجروی و مالیکولی»; TolAfghan biology text.,Afghan transliteration is مالیکول/مالیکولی. مولکول is the Iranian form.,Ch02,AFGHAN STANDARD,HIGH
ایون,Ion,,,ایون (Ion),یون,,Afghan biology texts («آیون کلسیم»، «ایون کلسیم»).,Afghan transliteration ایون. یون is the Iranian form. Note: the substring یون also occurs inside پیوند، اکسیداسیون، فیلتراسیون — those are ordinary words and must never be flagged.,Ch02,AFGHAN STANDARD,HIGH
انزایم,Enzyme,,,انزایم (Enzyme),آنزیم,,"TolAfghan, فزیولوژی حجره (Afghan cell-physiology text) — «انزایم گلوکز ۶ – فسفاتاز در سطح داخلی … شبکه اندوپلاسمی»",Afghan transliteration انزایم. آنزیم is the Iranian form.,Ch02,AFGHAN STANDARD,HIGH
کیمیاوی,Chemical,,,کیمیاوی (Chemical),شیمیایی,,Afghan MoE Science Grade 12 (moe.gov.af) — «پیام‌رسان‌های کیمیاوی»، «مواد کیمیاوي»,Afghan form کیمیاوی/کیمیا. شیمیایی is the Iranian form. بیوشیمیایی (biochemical) is a legitimate compound and must NOT be flagged.,Ch02,AFGHAN STANDARD,HIGH
میتابولیسم,Metabolism,,,میتابولیسم (Metabolism),متابولیسم,,"TolAfghan, فزیولوژی حجره (Afghan cell-physiology text) — «دخالت در میتابولیسم قندها»",Afghan transliteration میتابولیسم.,Ch02,AFGHAN STANDARD,HIGH
ماتریکس,Matrix,extracellular matrix,ECM,ماتریکس (Matrix),,,Established English-derived transliteration retained as the term Afghan readers recognise; no Afghanistan-specific documentary source located in this audit (see editorial/terminology-decisions.md §14),"International term, used throughout Afghan teaching. The Afghan variant بستره also occurs (TolAfghan) but is not required. Abbreviated ECM.",Ch02,ENGLISH RETAINED,HIGH
رایبوزوم,Ribosome,,,رایبوزوم (Ribosome),ریبوزوم,,TolAfghan and AfghanVet biology texts.,"Afghan transliteration رایبوزوم, matching the Dari pronunciation.",Ch02,AFGHAN STANDARD,HIGH
شبکه آندوپلاسمی,Endoplasmic reticulum,,ER,شبکه آندوپلاسمی (Endoplasmic reticulum),شبکه درون‌یاخته‌ای,,Established English-derived transliteration retained as the term Afghan readers recognise; no Afghanistan-specific documentary source located in this audit (see editorial/terminology-decisions.md §14),"Abbreviated ER; خشن = rough (RER), صاف/نرم = smooth (SER). «شبکه درون‌یاخته‌ای» is the Iranian purist coinage and is prohibited.",Ch02,AFGHAN STANDARD,MEDIUM
دستگاه گلژی,Golgi apparatus,,,دستگاه گلژی (Golgi apparatus),,,Established English-derived transliteration retained as the term Afghan readers recognise; no Afghanistan-specific documentary source located in this audit (see editorial/terminology-decisions.md §14),Afghan texts use دستگاه گلژی.,Ch02,COMMON AFGHAN TRANSLITERATION,HIGH
لایزوزوم,Lysosome,,,لایزوزوم (Lysosome),,لیزوزوم,Afghan histology text writes لایزوزوم/لیزوزم.,Both لایزوزوم and لیزوزوم occur in Afghan texts; لایزوزوم is the book standard.,Ch02,COMMON AFGHAN TRANSLITERATION,MEDIUM
پروتئازوم,Proteasome,,,پروتئازوم (Proteasome),,,Established English-derived transliteration retained as the term Afghan readers recognise; no Afghanistan-specific documentary source located in this audit (see editorial/terminology-decisions.md §14),,Ch02,COMMON AFGHAN TRANSLITERATION,HIGH
پراکسیزوم,Peroxisome,,,پراکسیزوم (Peroxisome),,,Established English-derived transliteration retained as the term Afghan readers recognise; no Afghanistan-specific documentary source located in this audit (see editorial/terminology-decisions.md §14),,Ch02,COMMON AFGHAN TRANSLITERATION,HIGH
مایتوکندریا,Mitochondrion,,,مایتوکندریا (Mitochondrion),میتوکندریایی,مایتوکاندریا;میتوکندری,"TolAfghan, فزیولوژی حجره (Afghan cell-physiology text) — «مایتوکاندریا (Mitochondria): در حجره، نوعی دستگاه انتقال انرژی»","Canonical per the project decision list. Afghan texts print both مایتوکندریا and مایتوکاندریا; the variant is ACCEPTED, not forbidden. Do not list مایتوکاندریا as forbidden.",Ch02,AFGHAN STANDARD,HIGH
کریستا,Crista,cristae,,کریستا (Crista),,,Established English-derived transliteration retained as the term Afghan readers recognise; no Afghanistan-specific documentary source located in this audit (see editorial/terminology-decisions.md §14),Plural کریستاها. English retained.,Ch02,ENGLISH RETAINED,HIGH
سیتواسکلتون,Cytoskeleton,,,سیتواسکلتون (Cytoskeleton),,اسکلت حجروی,Established English-derived transliteration retained as the term Afghan readers recognise; no Afghanistan-specific documentary source located in this audit (see editorial/terminology-decisions.md §14),English retained; «اسکلت حجروی» is the Dari gloss.,Ch02,ENGLISH RETAINED,HIGH
میکروتوبول,Microtubule,,,میکروتوبول (Microtubule),ریزلوله,,Established English-derived transliteration retained as the term Afghan readers recognise; no Afghanistan-specific documentary source located in this audit (see editorial/terminology-decisions.md §14),Afghan exam form is میکروتوبول. Do NOT list it as forbidden — it is not an Iranian form.,Ch02,AFGHAN STANDARD,MEDIUM
میکروفیلامنت,Microfilament,,,میکروفیلامنت (Microfilament),ریزرشته,ریزرشته,Established English-derived transliteration retained as the term Afghan readers recognise; no Afghanistan-specific documentary source located in this audit (see editorial/terminology-decisions.md §14),Afghan exam form.,Ch02,AFGHAN STANDARD,MEDIUM
فیلامنت میانی,Intermediate filament,,,فیلامنت میانی (Intermediate filament),,,Established English-derived transliteration retained as the term Afghan readers recognise; no Afghanistan-specific documentary source located in this audit (see editorial/terminology-decisions.md §14),,Ch02,AFGHAN STANDARD,MEDIUM
مژک,Cilium,,,مژک (Cilium),,سیلیا;سلیا,Established English-derived transliteration retained as the term Afghan readers recognise; no Afghanistan-specific documentary source located in this audit (see editorial/terminology-decisions.md §14),Both مژک and سیلیا/سلیا are attested in Afghan teaching material (the خاتم النبیین text uses «مژک دار» and «سلیا دار» in the same chapter). مژک is the book standard; سیلیا is accepted. Do NOT forbid سیلیا.,Ch02,AFGHAN STANDARD,MEDIUM
میکروویلی,Microvillus,,,میکروویلی (Microvillus),ریزپرز,مایکروویلای,Project canonical decision (Terminology Gate) — Afghan usage confirmed by sources,Afghan transliteration; the Pashto teaching text writes مایکروویلای. ریزپرز is the Iranian form.,Ch02,AFGHAN STANDARD,HIGH
استروئید,Steroid,,,استروئید (Steroid),استرویید,,Established English-derived transliteration retained as the term Afghan readers recognise; no Afghanistan-specific documentary source located in this audit (see editorial/terminology-decisions.md §14),Afghan histology and biology texts write استروئید. استرویید is the Iranian transliteration.,Ch02,AFGHAN STANDARD,MEDIUM
فسفوریلیشن,Phosphorylation,,,فسفوریلیشن (Phosphorylation),فسفریلاسیون;فسفوریلاسیون,,"TolAfghan, فزیولوژی حجره (Afghan cell-physiology text) — «انرژی کیمیاوی موجود در مواد غذایی با عمل فسفوریلیشن اکسیداتیو، به صورت پیوندهای پرانرژی فسفات (ATP) ذخیره شود»","Afghan texts write «فسفوریلیشن اکسیداتیو» (TolAfghan, خاتم النبیین).",Ch02,AFGHAN STANDARD,HIGH
اگزوسایتوز,Exocytosis,,,اگزوسایتوز (Exocytosis),,,Established English-derived transliteration retained as the term Afghan readers recognise; no Afghanistan-specific documentary source located in this audit (see editorial/terminology-decisions.md §14),,Ch02,COMMON AFGHAN TRANSLITERATION,HIGH
اندوسایتوز,Endocytosis,,,اندوسایتوز (Endocytosis),,,Established English-derived transliteration retained as the term Afghan readers recognise; no Afghanistan-specific documentary source located in this audit (see editorial/terminology-decisions.md §14),,Ch02,COMMON AFGHAN TRANSLITERATION,HIGH
فاگوسایتوز,Phagocytosis,,,فاگوسایتوز (Phagocytosis),بیگانه‌خواری,,Established English-derived transliteration retained as the term Afghan readers recognise; no Afghanistan-specific documentary source located in this audit (see editorial/terminology-decisions.md §14),,Ch02,COMMON AFGHAN TRANSLITERATION,HIGH
پینوسایتوز,Pinocytosis,,,پینوسایتوز (Pinocytosis),,,Established English-derived transliteration retained as the term Afghan readers recognise; no Afghanistan-specific documentary source located in this audit (see editorial/terminology-decisions.md §14),,Ch02,COMMON AFGHAN TRANSLITERATION,HIGH
گلیکوکالیکس,Glycocalyx,,,گلیکوکالیکس (Glycocalyx),,,Established English-derived transliteration retained as the term Afghan readers recognise; no Afghanistan-specific documentary source located in this audit (see editorial/terminology-decisions.md §14),,Ch02,COMMON AFGHAN TRANSLITERATION,HIGH
گلیکوزیلاسیون,Glycosylation,,,گلیکوزیلاسیون (Glycosylation),,,Established English-derived transliteration retained as the term Afghan readers recognise; no Afghanistan-specific documentary source located in this audit (see editorial/terminology-decisions.md §14),,Ch02,COMMON AFGHAN TRANSLITERATION,HIGH
لیپوفوسین,Lipofuscin,,,لیپوفوسین (Lipofuscin),,,Established English-derived transliteration retained as the term Afghan readers recognise; no Afghanistan-specific documentary source located in this audit (see editorial/terminology-decisions.md §14),Wear-and-tear pigment.,Ch02,COMMON AFGHAN TRANSLITERATION,HIGH
هسته,Nucleus,,,هسته (Nucleus),,,Established English-derived transliteration retained as the term Afghan readers recognise; no Afghanistan-specific documentary source located in this audit (see editorial/terminology-decisions.md §14),,Ch03,AFGHAN STANDARD,MEDIUM
هسته‌چه,Nucleolus,,,هسته‌چه (Nucleolus),هستک,,Afghan faculty histology text (خاتم النبیین University) — «هسته چه» (Afghan histology text),Afghan histology text writes «هسته چه» (e.g. «هسته بزرگ و هسته چه»). هستک is the Iranian form.,Ch03,AFGHAN STANDARD,MEDIUM
غشای هستوی,Nuclear envelope,,,غشای هستوی (Nuclear envelope),,پوشش هسته‌ای,Established English-derived transliteration retained as the term Afghan readers recognise; no Afghanistan-specific documentary source located in this audit (see editorial/terminology-decisions.md §14),"Also written پوشش هستوی; both acceptable, book uses غشای هستوی/پوشش هستوی.",Ch03,AFGHAN STANDARD,MEDIUM
منفذ هستوی,Nuclear pore,,,منفذ هستوی (Nuclear pore),,منفذ هسته‌ای,Established English-derived transliteration retained as the term Afghan readers recognise; no Afghanistan-specific documentary source located in this audit (see editorial/terminology-decisions.md §14),,Ch03,AFGHAN STANDARD,MEDIUM
کروماتین,Chromatin,,,کروماتین (Chromatin),,,Established English-derived transliteration retained as the term Afghan readers recognise; no Afghanistan-specific documentary source located in this audit (see editorial/terminology-decisions.md §14),,Ch03,COMMON AFGHAN TRANSLITERATION,HIGH
هتروکروماتین,Heterochromatin,,,هتروکروماتین (Heterochromatin),,,Established English-derived transliteration retained as the term Afghan readers recognise; no Afghanistan-specific documentary source located in this audit (see editorial/terminology-decisions.md §14),,Ch03,COMMON AFGHAN TRANSLITERATION,HIGH
یوکروماتین,Euchromatin,,,یوکروماتین (Euchromatin),,,Established English-derived transliteration retained as the term Afghan readers recognise; no Afghanistan-specific documentary source located in this audit (see editorial/terminology-decisions.md §14),,Ch03,COMMON AFGHAN TRANSLITERATION,HIGH
نوکلئوزوم,Nucleosome,,,نوکلئوزوم (Nucleosome),,,Established English-derived transliteration retained as the term Afghan readers recognise; no Afghanistan-specific documentary source located in this audit (see editorial/terminology-decisions.md §14),,Ch03,COMMON AFGHAN TRANSLITERATION,HIGH
هیستون,Histone,,,هیستون (Histone),,,Established English-derived transliteration retained as the term Afghan readers recognise; no Afghanistan-specific documentary source located in this audit (see editorial/terminology-decisions.md §14),Adjective هیستونی (histonic) — must not be confused with ستونی.,Ch03,COMMON AFGHAN TRANSLITERATION,HIGH
کروموزوم,Chromosome,,,کروموزوم (Chromosome),,,Established English-derived transliteration retained as the term Afghan readers recognise; no Afghanistan-specific documentary source located in this audit (see editorial/terminology-decisions.md §14),,Ch03,COMMON AFGHAN TRANSLITERATION,HIGH
کروماتید,Chromatid,,,کروماتید (Chromatid),,,Established English-derived transliteration retained as the term Afghan readers recognise; no Afghanistan-specific documentary source located in this audit (see editorial/terminology-decisions.md §14),,Ch03,COMMON AFGHAN TRANSLITERATION,HIGH
سانترومر,Centromere,,,سانترومر (Centromere),,,Established English-derived transliteration retained as the term Afghan readers recognise; no Afghanistan-specific documentary source located in this audit (see editorial/terminology-decisions.md §14),,Ch03,COMMON AFGHAN TRANSLITERATION,HIGH
کینتوکور,Kinetochore,,,کینتوکور (Kinetochore),,,Established English-derived transliteration retained as the term Afghan readers recognise; no Afghanistan-specific documentary source located in this audit (see editorial/terminology-decisions.md §14),,Ch03,COMMON AFGHAN TRANSLITERATION,HIGH
تلومر,Telomere,,,تلومر (Telomere),,,Established English-derived transliteration retained as the term Afghan readers recognise; no Afghanistan-specific documentary source located in this audit (see editorial/terminology-decisions.md §14),,Ch03,COMMON AFGHAN TRANSLITERATION,HIGH
کاریوتایپ,Karyotype,,,کاریوتایپ (Karyotype),,,Established English-derived transliteration retained as the term Afghan readers recognise; no Afghanistan-specific documentary source located in this audit (see editorial/terminology-decisions.md §14),,Ch03,COMMON AFGHAN TRANSLITERATION,HIGH
کرویاتِ سرخ,Erythrocyte,,RBC,کرویاتِ سرخ (Erythrocyte),گویچهٔ سرخ;گلبول قرمز,حجرات سرخ,Afghan faculty histology text (خاتم النبیین University) — «کرویات سفید خون» (Afghan histology text),Afghan histology text uses کرویات («کرویات سفید خون»); گویچه is the Iranian form. حجرات سرخ also occurs in Afghan texts but کرویات is the book standard. RBC retained as the abbreviation.,Ch03,AFGHAN STANDARD,MEDIUM
میتوز,Mitosis,,,میتوز (Mitosis),,,Established English-derived transliteration retained as the term Afghan readers recognise; no Afghanistan-specific documentary source located in this audit (see editorial/terminology-decisions.md §14),Phase names: پروفاز، متافاز، آنافاز، تلوفاز.,Ch03,COMMON AFGHAN TRANSLITERATION,HIGH
میوز,Meiosis,,,میوز (Meiosis),,,Established English-derived transliteration retained as the term Afghan readers recognise; no Afghanistan-specific documentary source located in this audit (see editorial/terminology-decisions.md §14),,Ch03,COMMON AFGHAN TRANSLITERATION,HIGH
آپوپتوز,Apoptosis,,,آپوپتوز (Apoptosis),,مرگ برنامه‌ریزی‌شدهٔ حجره,Established English-derived transliteration retained as the term Afghan readers recognise; no Afghanistan-specific documentary source located in this audit (see editorial/terminology-decisions.md §14),Both the transliteration and the Dari gloss are used; the English term is kept for exam recognition.,Ch03,COMMON AFGHAN TRANSLITERATION,HIGH
نکروز,Necrosis,,,نکروز (Necrosis),,,Established English-derived transliteration retained as the term Afghan readers recognise; no Afghanistan-specific documentary source located in this audit (see editorial/terminology-decisions.md §14),,Ch03,COMMON AFGHAN TRANSLITERATION,HIGH
کاسپاز,Caspase,,,کاسپاز (Caspase),,,Established English-derived transliteration retained as the term Afghan readers recognise; no Afghanistan-specific documentary source located in this audit (see editorial/terminology-decisions.md §14),,Ch03,COMMON AFGHAN TRANSLITERATION,HIGH
اپی‌ژنتیک,Epigenetics,,,اپی‌ژنتیک (Epigenetics),,,Established English-derived transliteration retained as the term Afghan readers recognise; no Afghanistan-specific documentary source located in this audit (see editorial/terminology-decisions.md §14),,Ch03,COMMON AFGHAN TRANSLITERATION,HIGH
متیلاسیون,Methylation,,,متیلاسیون (Methylation),,,Established English-derived transliteration retained as the term Afghan readers recognise; no Afghanistan-specific documentary source located in this audit (see editorial/terminology-decisions.md §14),,Ch03,COMMON AFGHAN TRANSLITERATION,HIGH
استیلاسیون,Acetylation,,,استیلاسیون (Acetylation),,,Established English-derived transliteration retained as the term Afghan readers recognise; no Afghanistan-specific documentary source located in this audit (see editorial/terminology-decisions.md §14),,Ch03,COMMON AFGHAN TRANSLITERATION,HIGH
تریزومی,Trisomy,,,تریزومی (Trisomy),,,Established English-derived transliteration retained as the term Afghan readers recognise; no Afghanistan-specific documentary source located in this audit (see editorial/terminology-decisions.md §14),,Ch03,COMMON AFGHAN TRANSLITERATION,HIGH
مونوزومی,Monosomy,,,مونوزومی (Monosomy),,,Established English-derived transliteration retained as the term Afghan readers recognise; no Afghanistan-specific documentary source located in this audit (see editorial/terminology-decisions.md §14),,Ch03,COMMON AFGHAN TRANSLITERATION,HIGH
آنیوپلوئیدی,Aneuploidy,,,آنیوپلوئیدی (Aneuploidy),,,Established English-derived transliteration retained as the term Afghan readers recognise; no Afghanistan-specific documentary source located in this audit (see editorial/terminology-decisions.md §14),,Ch03,COMMON AFGHAN TRANSLITERATION,HIGH
کاریوکنیزیس,Karyokinesis,,,کاریوکنیزیس (Karyokinesis),,,Established English-derived transliteration retained as the term Afghan readers recognise; no Afghanistan-specific documentary source located in this audit (see editorial/terminology-decisions.md §14),,Ch03,ENGLISH RETAINED,HIGH
اپیتلیوم,Epithelium,,,اپیتلیوم (Epithelium),بافت پوششی,,Project canonical decision (Terminology Gate) — Afghan usage confirmed by sources,International term used unchanged in Afghan teaching (خاتم النبیین: «اپیتلیوم استوانه‌یی چند طبقه کاذب مژک دار»). Adjective: اپیتلیال.,Ch04,AFGHAN STANDARD,HIGH
لامینای پایه,Basal lamina,,,لامینای پایه (Basal lamina),,,Project canonical decision (Terminology Gate) — Afghan usage confirmed by sources,Afghan teaching keeps the international terminology (the Afghan text writes basal lamina / basel membrane). غشای پایه is used only where the reference means the whole basement membrane.,Ch04,AFGHAN STANDARD,HIGH
غشای پایه,Basement membrane,,,غشای پایه (Basement membrane),,,Established English-derived transliteration retained as the term Afghan readers recognise; no Afghanistan-specific documentary source located in this audit (see editorial/terminology-decisions.md §14),The composite structure = لامینای پایه + لامینا رتیکولاریس. Kept distinct from لامینای پایه.,Ch04,AFGHAN STANDARD,MEDIUM
مسطح,Squamous,,,مسطح (Squamous),سنگفرشی;خشت فرشی;فلس,,Project canonical decision (Terminology Gate) — Afghan usage confirmed by sources,"CANONICAL per the project decision list («Simple Squamous Epithelium = اپیتلیوم سادهٔ مسطح»). Afghan teaching material shows سنگفرشی and خشت‌فرشی as well, so این forms are classified as non-canonical variants rather than Iranian — but the book must use مسطح consistently. Classified as NON-CANONICAL (book-consistency) not as an Iranian-Persian violation.",Ch04,AFGHAN STANDARD,MEDIUM
مکعبی,Cuboidal,,,مکعبی (Cuboidal),,,Established English-derived transliteration retained as the term Afghan readers recognise; no Afghanistan-specific documentary source located in this audit (see editorial/terminology-decisions.md §14),Matches Afghan teaching («اپیتلیوم مکعبی»). No competing Afghan form.,Ch04,AFGHAN STANDARD,MEDIUM
استوانه‌ای,Columnar,,,استوانه‌ای (Columnar),منشوری;ستونی,,"Afghan MoE Biology Grade 7 (moe.gov.af, Kabul 1398) — «بیضوی، مدور، مکعبی، استوانه یی و تعدادی هم مسطح»؛ ME12 «حجرات مخروطی و استوانه یی»",Afghan histology text uses «استوانه‌یی» throughout. منشوری is the Iranian form. ستونی is a Pashto-side equivalent and is not used in the Dari text. NOTE: هیستونی (histonic) contains the letters ستونی and must never be flagged.,Ch04,AFGHAN STANDARD,HIGH
مطبق,Stratified,,,مطبق (Stratified),,,Established English-derived transliteration retained as the term Afghan readers recognise; no Afghanistan-specific documentary source located in this audit (see editorial/terminology-decisions.md §14),Afghan teaching: «اپیتلیوم خشت فرشی چند طبقه‌یی». مطبق is the reference's term.,Ch04,AFGHAN STANDARD,MEDIUM
شبه‌مطبق,Pseudostratified,,,شبه‌مطبق (Pseudostratified),,,Established English-derived transliteration retained as the term Afghan readers recognise; no Afghanistan-specific documentary source located in this audit (see editorial/terminology-decisions.md §14),Afghan text: «اپیتلیوم استوانه‌یی چند طبقه کاذب»; شبه‌مطبق and مطبق کاذب both occur.,Ch04,AFGHAN STANDARD,MEDIUM
یوروتلیوم,Urothelium,,,یوروتلیوم (Urothelium),,اپیتلیوم انتقالی;اپیتلیوم مثانه,Project canonical decision (Terminology Gate) — Afghan usage confirmed by sources,International term retained per the reference; اپیتلیوم انتقالی given as the Dari gloss.,Ch04,ENGLISH RETAINED,HIGH
دسموزوم,Desmosome,,,دسموزوم (Desmosome),,پل حجروی,Established English-derived transliteration retained as the term Afghan readers recognise; no Afghanistan-specific documentary source located in this audit (see editorial/terminology-decisions.md §14),,Ch04,COMMON AFGHAN TRANSLITERATION,HIGH
همی‌دسموزوم,Hemidesmosome,,,همی‌دسموزوم (Hemidesmosome),,,Established English-derived transliteration retained as the term Afghan readers recognise; no Afghanistan-specific documentary source located in this audit (see editorial/terminology-decisions.md §14),,Ch04,COMMON AFGHAN TRANSLITERATION,HIGH
اتصال مضبوط,Tight junction,zonula occludens,,اتصال مضبوط (Tight junction),,,Established English-derived transliteration retained as the term Afghan readers recognise; no Afghanistan-specific documentary source located in this audit (see editorial/terminology-decisions.md §14),Afghan teaching writes مضبوط اتصال / tight junction. The Latin zonula occludens is given in parentheses for exam recognition.,Ch04,COMMON AFGHAN TRANSLITERATION,HIGH
اتصال چسبنده,Adherens junction,zonula adherens,,اتصال چسبنده (Adherens junction),,,Established English-derived transliteration retained as the term Afghan readers recognise; no Afghanistan-specific documentary source located in this audit (see editorial/terminology-decisions.md §14),,Ch04,COMMON AFGHAN TRANSLITERATION,HIGH
اتصال شکافی,Gap junction,connexon,,اتصال شکافی (Gap junction),,,Established English-derived transliteration retained as the term Afghan readers recognise; no Afghanistan-specific documentary source located in this audit (see editorial/terminology-decisions.md §14),Afghan teaching uses Gap junction; اتصال شکافی/ارتباطی is the Dari gloss.,Ch04,COMMON AFGHAN TRANSLITERATION,MEDIUM
کادهرین,Cadherin,,,کادهرین (Cadherin),,,Established English-derived transliteration retained as the term Afghan readers recognise; no Afghanistan-specific documentary source located in this audit (see editorial/terminology-decisions.md §14),,Ch04,ENGLISH RETAINED,HIGH
اینتگرین,Integrin,,,اینتگرین (Integrin),,,Established English-derived transliteration retained as the term Afghan readers recognise; no Afghanistan-specific documentary source located in this audit (see editorial/terminology-decisions.md §14),,Ch04,ENGLISH RETAINED,HIGH
کلودین,Claudin,,,کلودین (Claudin),,,Established English-derived transliteration retained as the term Afghan readers recognise; no Afghanistan-specific documentary source located in this audit (see editorial/terminology-decisions.md §14),,Ch04,ENGLISH RETAINED,HIGH
اوکلودین,Occludin,,,اوکلودین (Occludin),,,Established English-derived transliteration retained as the term Afghan readers recognise; no Afghanistan-specific documentary source located in this audit (see editorial/terminology-decisions.md §14),,Ch04,ENGLISH RETAINED,HIGH
کراتینوسایت,Keratinocyte,,,کراتینوسایت (Keratinocyte),,,Established English-derived transliteration retained as the term Afghan readers recognise; no Afghanistan-specific documentary source located in this audit (see editorial/terminology-decisions.md §14),,Ch04,COMMON AFGHAN TRANSLITERATION,HIGH
ملانوسایت,Melanocyte,,,ملانوسایت (Melanocyte),,,Established English-derived transliteration retained as the term Afghan readers recognise; no Afghanistan-specific documentary source located in this audit (see editorial/terminology-decisions.md §14),,Ch04,COMMON AFGHAN TRANSLITERATION,HIGH
گابلت,Goblet cell,,,گابلت (Goblet cell),,حجرهٔ جامی,Established English-derived transliteration retained as the term Afghan readers recognise; no Afghanistan-specific documentary source located in this audit (see editorial/terminology-decisions.md §14),Afghan histology text keeps Goblet cell in English; حجرهٔ جامی is the Dari gloss.,Ch04,ENGLISH RETAINED,HIGH
موسین,Mucin,,,موسین (Mucin),,,Established English-derived transliteration retained as the term Afghan readers recognise; no Afghanistan-specific documentary source located in this audit (see editorial/terminology-decisions.md §14),,Ch04,COMMON AFGHAN TRANSLITERATION,HIGH
موسینوژن,Mucinogen,,,موسینوژن (Mucinogen),,,Established English-derived transliteration retained as the term Afghan readers recognise; no Afghanistan-specific documentary source located in this audit (see editorial/terminology-decisions.md §14),,Ch04,COMMON AFGHAN TRANSLITERATION,HIGH
موکوس,Mucus,,,موکوس (Mucus),,,Established English-derived transliteration retained as the term Afghan readers recognise; no Afghanistan-specific documentary source located in this audit (see editorial/terminology-decisions.md §14),Afghan histology text uses موکوس.,Ch04,COMMON AFGHAN TRANSLITERATION,HIGH
غدوات شحمی,Sebaceous glands,,,غدوات شحمی (Sebaceous glands),غدد سباسه,,Established English-derived transliteration retained as the term Afghan readers recognise; no Afghanistan-specific documentary source located in this audit (see editorial/terminology-decisions.md §14),Afghan medical-student source writes «غدوات شحمی» and «غدوات عرقیه». سباسه is the Iranian form.,Ch04,AFGHAN STANDARD,MEDIUM
اندوتلیوم,Endothelium,,,اندوتلیوم (Endothelium),,آندوتلیوم,Established English-derived transliteration retained as the term Afghan readers recognise; no Afghanistan-specific documentary source located in this audit (see editorial/terminology-decisions.md §14),Both اندوتلیوم and آندوتلیوم occur in Afghan texts; اندوتلیوم is the book standard.,Ch04,AFGHAN STANDARD,MEDIUM
مزوتلیوم,Mesothelium,,,مزوتلیوم (Mesothelium),,,Established English-derived transliteration retained as the term Afghan readers recognise; no Afghanistan-specific documentary source located in this audit (see editorial/terminology-decisions.md §14),,Ch04,COMMON AFGHAN TRANSLITERATION,HIGH
لامینا پروپریا,Lamina propria,,,لامینا پروپریا (Lamina propria),,,Established English-derived transliteration retained as the term Afghan readers recognise; no Afghanistan-specific documentary source located in this audit (see editorial/terminology-decisions.md §14),International term retained.,Ch04,ENGLISH RETAINED,HIGH
مخاط,Mucosa,,,مخاط (Mucosa),,,Established English-derived transliteration retained as the term Afghan readers recognise; no Afghanistan-specific documentary source located in this audit (see editorial/terminology-decisions.md §14),Afghan histology text: «سطح مخاط»، «تحت مخاط».,Ch04,AFGHAN STANDARD,MEDIUM
تحت مخاط,Submucosa,,,تحت مخاط (Submucosa),,,Established English-derived transliteration retained as the term Afghan readers recognise; no Afghanistan-specific documentary source located in this audit (see editorial/terminology-decisions.md §14),,Ch04,AFGHAN STANDARD,MEDIUM
سروزا,Serosa,,,سروزا (Serosa),,,Established English-derived transliteration retained as the term Afghan readers recognise; no Afghanistan-specific documentary source located in this audit (see editorial/terminology-decisions.md §14),Afghan histology text: «لایه سروزا».,Ch04,AFGHAN STANDARD,MEDIUM
متاپلازی,Metaplasia,,,متاپلازی (Metaplasia),,,Established English-derived transliteration retained as the term Afghan readers recognise; no Afghanistan-specific documentary source located in this audit (see editorial/terminology-decisions.md §14),,Ch04,COMMON AFGHAN TRANSLITERATION,HIGH
دیسپلازی,Dysplasia,,,دیسپلازی (Dysplasia),,,Established English-derived transliteration retained as the term Afghan readers recognise; no Afghanistan-specific documentary source located in this audit (see editorial/terminology-decisions.md §14),,Ch04,COMMON AFGHAN TRANSLITERATION,HIGH
نئوپلازی,Neoplasia,,,نئوپلازی (Neoplasia),,,Established English-derived transliteration retained as the term Afghan readers recognise; no Afghanistan-specific documentary source located in this audit (see editorial/terminology-decisions.md §14),,Ch04,COMMON AFGHAN TRANSLITERATION,HIGH
کارسینوم درجا,Carcinoma in situ,,CIS,کارسینوم درجا (Carcinoma in situ),,,Established English-derived transliteration retained as the term Afghan readers recognise; no Afghanistan-specific documentary source located in this audit (see editorial/terminology-decisions.md §14),,Ch04,AFGHAN STANDARD,MEDIUM
میواپی‌تلیال,Myoepithelial,,,میواپی‌تلیال (Myoepithelial),,,Established English-derived transliteration retained as the term Afghan readers recognise; no Afghanistan-specific documentary source located in this audit (see editorial/terminology-decisions.md §14),,Ch04,COMMON AFGHAN TRANSLITERATION,HIGH
هاضموی,Digestive / gastrointestinal,,,هاضموی (Digestive / gastrointestinal),گوارشی;لوله گوارش,,Established English-derived transliteration retained as the term Afghan readers recognise; no Afghanistan-specific documentary source located in this audit (see editorial/terminology-decisions.md §14),"Afghan clinical usage favours هاضمه («امراض هاضمه»، «دستگاه هاضمه»). NOTE: the Afghan histology text also shows «لوله گوارشی», so گوارشی is classified as non-canonical (book consistency) rather than Iranian. هاضموی is the book standard.",Ch04,AFGHAN STANDARD,MEDIUM
مادهٔ زمینه‌ای,Ground substance,,,مادهٔ زمینه‌ای (Ground substance),,,Established English-derived transliteration retained as the term Afghan readers recognise; no Afghanistan-specific documentary source located in this audit (see editorial/terminology-decisions.md §14),,Ch05,AFGHAN STANDARD,MEDIUM
کولاجن,Collagen,,,کولاجن (Collagen),,,Established English-derived transliteration retained as the term Afghan readers recognise; no Afghanistan-specific documentary source located in this audit (see editorial/terminology-decisions.md §14),Afghan spelling کولاجن (Pashto teaching text: د کوالجنس).,Ch05,COMMON AFGHAN TRANSLITERATION,HIGH
تروپوکولاجن,Tropocollagen,,,تروپوکولاجن (Tropocollagen),,,Established English-derived transliteration retained as the term Afghan readers recognise; no Afghanistan-specific documentary source located in this audit (see editorial/terminology-decisions.md §14),,Ch05,COMMON AFGHAN TRANSLITERATION,HIGH
پروکولاجن,Procollagen,,,پروکولاجن (Procollagen),,,Established English-derived transliteration retained as the term Afghan readers recognise; no Afghanistan-specific documentary source located in this audit (see editorial/terminology-decisions.md §14),,Ch05,COMMON AFGHAN TRANSLITERATION,HIGH
فیبروبلاست,Fibroblast,,,فیبروبلاست (Fibroblast),,,Established English-derived transliteration retained as the term Afghan readers recognise; no Afghanistan-specific documentary source located in this audit (see editorial/terminology-decisions.md §14),,Ch05,COMMON AFGHAN TRANSLITERATION,HIGH
ماکروفاژ,Macrophage,,,ماکروفاژ (Macrophage),,,Established English-derived transliteration retained as the term Afghan readers recognise; no Afghanistan-specific documentary source located in this audit (see editorial/terminology-decisions.md §14),Afghan teaching uses ماکروفاژ.,Ch05,COMMON AFGHAN TRANSLITERATION,HIGH
ماست‌سل,Mast cell,,,ماست‌سل (Mast cell),,ماست سیت,Established English-derived transliteration retained as the term Afghan readers recognise; no Afghanistan-specific documentary source located in this audit (see editorial/terminology-decisions.md §14),"Afghan form ماست‌سل / ماست سیت. NOTE: ماست‌سل is a transliteration, NOT an Iranian form — do not list it under forbidden_forms of any entry.",Ch05,COMMON AFGHAN TRANSLITERATION,HIGH
پلاسما‌سل,Plasma cell,,,پلاسما‌سل (Plasma cell),,پلاسموسیت,Established English-derived transliteration retained as the term Afghan readers recognise; no Afghanistan-specific documentary source located in this audit (see editorial/terminology-decisions.md §14),,Ch05,COMMON AFGHAN TRANSLITERATION,HIGH
شحمی,Adipose / fatty,,,شحمی (Adipose / fatty),,,Established English-derived transliteration retained as the term Afghan readers recognise; no Afghanistan-specific documentary source located in this audit (see editorial/terminology-decisions.md §14),Afghan sources use شحم/شحمی for fat («قطرات شحم»، «غدوات شحمی»). چربی remains the everyday word.,Ch05,AFGHAN STANDARD,MEDIUM
آدیپوسایت,Adipocyte,,,آدیپوسایت (Adipocyte),,حجرهٔ شحمی,Established English-derived transliteration retained as the term Afghan readers recognise; no Afghanistan-specific documentary source located in this audit (see editorial/terminology-decisions.md §14),English/transliterated term retained.,Ch05,ENGLISH RETAINED,HIGH
میوفیبروبلاست,Myofibroblast,,,میوفیبروبلاست (Myofibroblast),,,Established English-derived transliteration retained as the term Afghan readers recognise; no Afghanistan-specific documentary source located in this audit (see editorial/terminology-decisions.md §14),,Ch05,COMMON AFGHAN TRANSLITERATION,HIGH
رشتهٔ رتیکولار,Reticular fiber,,,رشتهٔ رتیکولار (Reticular fiber),,,Established English-derived transliteration retained as the term Afghan readers recognise; no Afghanistan-specific documentary source located in this audit (see editorial/terminology-decisions.md §14),Type III collagen; silver stain.,Ch05,AFGHAN STANDARD,MEDIUM
رشتهٔ الاستیک,Elastic fiber,,,رشتهٔ الاستیک (Elastic fiber),,,Established English-derived transliteration retained as the term Afghan readers recognise; no Afghanistan-specific documentary source located in this audit (see editorial/terminology-decisions.md §14),,Ch05,AFGHAN STANDARD,MEDIUM
الاستین,Elastin,,,الاستین (Elastin),,,Established English-derived transliteration retained as the term Afghan readers recognise; no Afghanistan-specific documentary source located in this audit (see editorial/terminology-decisions.md §14),,Ch05,COMMON AFGHAN TRANSLITERATION,HIGH
فیبریلین,Fibrillin,,,فیبریلین (Fibrillin),,,Established English-derived transliteration retained as the term Afghan readers recognise; no Afghanistan-specific documentary source located in this audit (see editorial/terminology-decisions.md §14),Marfan syndrome protein.,Ch05,COMMON AFGHAN TRANSLITERATION,HIGH
دسموزین,Desmosine,,,دسموزین (Desmosine),,,Established English-derived transliteration retained as the term Afghan readers recognise; no Afghanistan-specific documentary source located in this audit (see editorial/terminology-decisions.md §14),Cross-link marker of elastin.,Ch05,COMMON AFGHAN TRANSLITERATION,HIGH
فیبرونکتین,Fibronectin,,,فیبرونکتین (Fibronectin),,,Established English-derived transliteration retained as the term Afghan readers recognise; no Afghanistan-specific documentary source located in this audit (see editorial/terminology-decisions.md §14),,Ch05,COMMON AFGHAN TRANSLITERATION,HIGH
لامینین,Laminin,,,لامینین (Laminin),,,Established English-derived transliteration retained as the term Afghan readers recognise; no Afghanistan-specific documentary source located in this audit (see editorial/terminology-decisions.md §14),,Ch05,COMMON AFGHAN TRANSLITERATION,HIGH
نیدوژن,Nidogen,entactin,,نیدوژن (Nidogen),,,Established English-derived transliteration retained as the term Afghan readers recognise; no Afghanistan-specific documentary source located in this audit (see editorial/terminology-decisions.md §14),,Ch05,COMMON AFGHAN TRANSLITERATION,HIGH
پروتئوگلیکان,Proteoglycan,,,پروتئوگلیکان (Proteoglycan),,,Established English-derived transliteration retained as the term Afghan readers recognise; no Afghanistan-specific documentary source located in this audit (see editorial/terminology-decisions.md §14),,Ch05,COMMON AFGHAN TRANSLITERATION,HIGH
گلیکوزآمینوگلیکان,Glycosaminoglycan,mucopolysaccharide,GAG,گلیکوزآمینوگلیکان (Glycosaminoglycan),,,Established English-derived transliteration retained as the term Afghan readers recognise; no Afghanistan-specific documentary source located in this audit (see editorial/terminology-decisions.md §14),,Ch05,COMMON AFGHAN TRANSLITERATION,HIGH
هیالورونان,Hyaluronan,hyaluronic acid,,هیالورونان (Hyaluronan),,,Established English-derived transliteration retained as the term Afghan readers recognise; no Afghanistan-specific documentary source located in this audit (see editorial/terminology-decisions.md §14),,Ch05,COMMON AFGHAN TRANSLITERATION,HIGH
هیالورونیداز,Hyaluronidase,,,هیالورونیداز (Hyaluronidase),,,Established English-derived transliteration retained as the term Afghan readers recognise; no Afghanistan-specific documentary source located in this audit (see editorial/terminology-decisions.md §14),,Ch05,COMMON AFGHAN TRANSLITERATION,HIGH
کندرویتین سولفات,Chondroitin sulfate,,,کندرویتین سولفات (Chondroitin sulfate),,,Established English-derived transliteration retained as the term Afghan readers recognise; no Afghanistan-specific documentary source located in this audit (see editorial/terminology-decisions.md §14),,Ch05,COMMON AFGHAN TRANSLITERATION,HIGH
کراتان سولفات,Keratan sulfate,,,کراتان سولفات (Keratan sulfate),,,Established English-derived transliteration retained as the term Afghan readers recognise; no Afghanistan-specific documentary source located in this audit (see editorial/terminology-decisions.md §14),,Ch05,COMMON AFGHAN TRANSLITERATION,HIGH
درماتان سولفات,Dermatan sulfate,,,درماتان سولفات (Dermatan sulfate),,,Established English-derived transliteration retained as the term Afghan readers recognise; no Afghanistan-specific documentary source located in this audit (see editorial/terminology-decisions.md §14),,Ch05,COMMON AFGHAN TRANSLITERATION,HIGH
هپارین,Heparin,,,هپارین (Heparin),,,Established English-derived transliteration retained as the term Afghan readers recognise; no Afghanistan-specific documentary source located in this audit (see editorial/terminology-decisions.md §14),,Ch05,COMMON AFGHAN TRANSLITERATION,HIGH
هیستامین,Histamine,,,هیستامین (Histamine),,,Established English-derived transliteration retained as the term Afghan readers recognise; no Afghanistan-specific documentary source located in this audit (see editorial/terminology-decisions.md §14),,Ch05,COMMON AFGHAN TRANSLITERATION,HIGH
ترپتاز,Tryptase,,,ترپتاز (Tryptase),,,Established English-derived transliteration retained as the term Afghan readers recognise; no Afghanistan-specific documentary source located in this audit (see editorial/terminology-decisions.md §14),Mast-cell marker.,Ch05,COMMON AFGHAN TRANSLITERATION,HIGH
نسج منضم سست,Loose (areolar) connective tissue,,,نسج منضم سست (Loose (areolar) connective tissue),,شل,Established English-derived transliteration retained as the term Afghan readers recognise; no Afghanistan-specific documentary source located in this audit (see editorial/terminology-decisions.md §14),Afghan teaching writes نسج منضم; شل and سست are both acceptable qualifiers.,Ch05,AFGHAN STANDARD,MEDIUM
نسج منضم متراکم,Dense connective tissue,,,نسج منضم متراکم (Dense connective tissue),بافت همبند متراکم,,Established English-derived transliteration retained as the term Afghan readers recognise; no Afghanistan-specific documentary source located in this audit (see editorial/terminology-decisions.md §14),,Ch05,AFGHAN STANDARD,MEDIUM
تاندون,Tendon,,,تاندون (Tendon),,,Established English-derived transliteration retained as the term Afghan readers recognise; no Afghanistan-specific documentary source located in this audit (see editorial/terminology-decisions.md §14),,Ch05,AFGHAN STANDARD,MEDIUM
رباط,Ligament,,,رباط (Ligament),,,Established English-derived transliteration retained as the term Afghan readers recognise; no Afghanistan-specific documentary source located in this audit (see editorial/terminology-decisions.md §14),,Ch05,AFGHAN STANDARD,MEDIUM
نسج گرانولاسیون,Granulation tissue,,,نسج گرانولاسیون (Granulation tissue),بافت گرانوله,,Established English-derived transliteration retained as the term Afghan readers recognise; no Afghanistan-specific documentary source located in this audit (see editorial/terminology-decisions.md §14),Scribd Afghan lecture «Connective Tissue نسج منضم» uses this term family.,Ch05,AFGHAN STANDARD,MEDIUM
فیبروز,Fibrosis,,,فیبروز (Fibrosis),,,Established English-derived transliteration retained as the term Afghan readers recognise; no Afghanistan-specific documentary source located in this audit (see editorial/terminology-decisions.md §14),,Ch05,COMMON AFGHAN TRANSLITERATION,HIGH
ادم,Edema,,,ادم (Edema),,,Established English-derived transliteration retained as the term Afghan readers recognise; no Afghanistan-specific documentary source located in this audit (see editorial/terminology-decisions.md §14),,Ch05,COMMON AFGHAN TRANSLITERATION,HIGH
فیبرین,Fibrin,,,فیبرین (Fibrin),,,Established English-derived transliteration retained as the term Afghan readers recognise; no Afghanistan-specific documentary source located in this audit (see editorial/terminology-decisions.md §14),,Ch05,COMMON AFGHAN TRANSLITERATION,HIGH
رگ‌زایی,Angiogenesis,,,رگ‌زایی (Angiogenesis),,واسکولارزاسیون,Established English-derived transliteration retained as the term Afghan readers recognise; no Afghanistan-specific documentary source located in this audit (see editorial/terminology-decisions.md §14),Afghan form رگ‌زایی.,Ch05,AFGHAN STANDARD,MEDIUM
اسکوروی,Scurvy,,,اسکوروی (Scurvy),,اسکوربوت,Established English-derived transliteration retained as the term Afghan readers recognise; no Afghanistan-specific documentary source located in this audit (see editorial/terminology-decisions.md §14),Vitamin-C deficiency; collagen hydroxylation fails.,Ch05,COMMON AFGHAN TRANSLITERATION,HIGH
مارفان,Marfan syndrome,,,مارفان (Marfan syndrome),,,Established English-derived transliteration retained as the term Afghan readers recognise; no Afghanistan-specific documentary source located in this audit (see editorial/terminology-decisions.md §14),,Ch05,COMMON AFGHAN TRANSLITERATION,HIGH
جلد,Skin,,,جلد (Skin),پوست,,Afghan MoE Science Grade 12 (moe.gov.af) — ch.1 «جلد»، «ساختمان جلد بدن»,Afghan histology text: «اپیتلیوم جلد»; Afghan clinical usage: «امراض جلدی». پوست is the Iranian form in the differential list. اپیدرم/درم/هیپودرم are kept as the international layer names.,Ch01,AFGHAN STANDARD,HIGH
اوعیهٔ دموی,Blood vessels,,,اوعیهٔ دموی (Blood vessels),رگ‌های خونی;رگهای خونی;عروق خونی,,Afghan faculty histology text (خاتم النبیین University) — «عروق خونی / موی رگها» (Afghan histology text),"CANONICAL, user-mandated. Used for the collective/plural concept. A single named vessel keeps its own term (شریان، ورید، موی‌رگ); the generic singular رگ is attested in Afghan teaching and is allowed in fixed phrases such as «دیوارهٔ رگ».",Ch01,AFGHAN STANDARD,MEDIUM
شریان,Artery,,,شریان (Artery),,,Afghan faculty histology text (خاتم النبیین University) — «قلب، شریان، ورید، موی رگها» (Afghan histology text),,Ch01,AFGHAN STANDARD,MEDIUM
ورید,Vein,,,ورید (Vein),,,Afghan faculty histology text (خاتم النبیین University) — «قلب، شریان، ورید، موی رگها»,,Ch01,AFGHAN STANDARD,MEDIUM
شریانچه,Arteriole,,,شریانچه (Arteriole),,,Project canonical decision (Terminology Gate) — Afghan usage confirmed by sources,,Ch01,AFGHAN STANDARD,HIGH
وریدچه,Venule,,,وریدچه (Venule),,,Project canonical decision (Terminology Gate) — Afghan usage confirmed by sources,,Ch01,AFGHAN STANDARD,HIGH
موی‌رگ,Capillary,,,موی‌رگ (Capillary),مویرگ,,Afghan MoE Science Grade 12 (moe.gov.af) — «موی رگهای جای پیوند … جریان خون آن ها با رگهای بزرگ در ارتباط»,Afghan written form is موی‌رگ (two elements). مویرگ is the contracted Iranian form.,Ch01,AFGHAN STANDARD,HIGH
سرخرگ,Artery (arterial),,,سرخرگ (Artery (arterial)),,,Established English-derived transliteration retained as the term Afghan readers recognise; no Afghanistan-specific documentary source located in this audit (see editorial/terminology-decisions.md §14),"Afghan everyday/clinical form used for named arteries (آئورت, سرخرگ ریوی). Retained alongside the canonical شریان; the book uses شریان for the histological definition.",Ch05,AFGHAN STANDARD,MEDIUM
آنتی‌ژن,Antigen,,,آنتی‌ژن (Antigen),,,Established English-derived transliteration retained as the term Afghan readers recognise; no Afghanistan-specific documentary source located in this audit (see editorial/terminology-decisions.md §14),[VERIFY TERMINOLOGY] Afghan sources show both آنتی‌ژن and آنتی‌نژ/آنتی‌نژن. Not an Iranian form; the book keeps آنتی‌ژن until an Afghan institutional source settles it.,Ch05,VERIFY FURTHER,UNRESOLVED
Cellulitis,Cellulitis,,,Cellulitis (Cellulitis),,,Established English-derived transliteration retained as the term Afghan readers recognise; no Afghanistan-specific documentary source located in this audit (see editorial/terminology-decisions.md §14),No reliable Afghan Dari standard could be established; kept in English with a Dari explanation («گسترش عفونت در نسج منضم سست زیر جلد»). Rule 4 of the Terminology Gate.,Ch05,ENGLISH RETAINED,HIGH
باکتری,Bacteria,,,باکتری (Bacteria),,باکتریا,Established English-derived transliteration retained as the term Afghan readers recognise; no Afghanistan-specific documentary source located in this audit (see editorial/terminology-decisions.md §14),"Afghan histology text writes باکتریا; باکتری is equally current in Afghanistan and is what the book already used, so باکتری is kept as the book standard (no stylistic churn) and باکتریا is registered as an accepted variant.",Ch02,ENGLISH RETAINED,MEDIUM
پاراسلولار,Paracellular,,,پاراسلولار (Paracellular),,,Established English-derived transliteration retained as the term Afghan readers recognise; no Afghanistan-specific documentary source located in this audit (see editorial/terminology-decisions.md §14),"English term retained. The book writes «(paracellular seal)» rather than a Dari coinage, per rule 4 (do not invent).",Ch04,ENGLISH RETAINED,HIGH
دوا,Drug / medicine,,,دوا (Drug / medicine),دارو;داروی;دارویی;داروها;داروهای;داروهایی;داروهایش,ادویه;دواخانه;دواسازی,Afghan MoPH official register — «خدمات به شمول دوا غذا رایگان»، «دواخانه»، «دواسازی»؛ «اداره ملی ادویه و غذا» (dpmea.gov.af) «محصولات دوایی»,"Afghan register. MoPH-sector text: «تمامی خدمات به شمول دوا غذا رایگان است»، «کیفیت دواهای در حال فروش»، «دواخانه»، «دواسازی»، «مصارف ادویه». Afghanistan's medicines regulator is literally «اداره ملی ادویه و غذا» (dpmea.gov.af), whose own text writes «محصولات دوایی» and «قاچاق دوا ها». Afghan hospitals: «با استفاده از روش‌های تداوی مختلفی از جمله دواهای مرتبط». دارو does still appear in Afghan journalistic prose, so this is a REGISTER standardisation, not a hard ban. Keep the family: دوا / دوایی / دواخانه / ادویه / دواسازی.",Ch2 (drug-metabolising SER); Ch3 (chemotherapy),AFGHAN STANDARD,MEDIUM
کیموتراپی,Chemotherapy,,,کیموتراپی (Chemotherapy),شیمی‌درمانی;شیمی درمانی;کیمیا تداوی;کیمیا‌تداوی;کیمیا درمانی,,Afghan doctors' clinical writing (afghan-doctors.com) — «شیوه‌های مختلف تداوی … تداوی دوایی، تداوی اشعوی، کیموتراپی و جراحی»,Afghan/Arabic transliteration in current Afghan use (کیموتراپی). «کیمیا تداوی» and «کیمیا‌تداوی» are recorded as forbidden because they are also the exact artefact produced when a rule replaces شیمی inside شیمی‌درمانی — forbid them so the artefact can never reappear.,Ch3 (stage-specific chemotherapy),COMMON AFGHAN TRANSLITERATION,HIGH
کلیه,Kidney,,,کلیه (Kidney),,گرده,Afghan MoPH official register — «امراض کلیه، از جمله عدم کفایه کلیه (گرده)»,Formal anatomical register. Afghan MoPH nephrology posting: «امراض کلیه، از جمله عدم کفایه کلیه (گرده)» — i.e. Afghan official medical writing uses کلیه as the term and glosses it with the colloquial گرده. Both are Afghan; کلیه is the one that belongs in a histology text. NOT an Iranian-specific form.,Ch2 (cilium flow sensor); Ch4; Ch5 (macrophage location),AFGHAN STANDARD,MEDIUM
کبد,Liver,,,کبد (Liver),,جگر,Afghan MoPH official register — «لوبول کبد» (Afghan histology text S5),"Afghan clinical text writes both: «امراض کبدی یا جگر، مانند سیروز، صفرا، سرطان کبد و هپاتیت» (Afghan hospital) — کبد as the technical term, جگر as the everyday gloss. Both are Afghan; کبد is the register of a histology textbook.","Ch2 (SER, hepatocytes)",AFGHAN STANDARD,MEDIUM
ریه,Lung,,,ریه (Lung),,,Afghan institutional usage: MoPH publications / Afghanistan health sector documents / Afghan hospitals and Afghan medical-faculty material,"Both ریه and شش are Afghan. Afghan hospital: «کیست ها و تومورهای ریه»، «بذل پریکارد قلب و ریه»؛ Afghan hospital department list uses «شش». The book is internally consistent on ریه, so ریه»؛ Afghan hospital department list uses «شش». The book is internally consistent on ریه. NOTE: شش is NOT in accepted_variants — in this book شش is the numeral 'six' («شش ویژگی»، «شش وظیفه»), so a variant registration would produce a meaningless inconsistency flag. Recorded here in usage_notes instead.",Ch2; Ch4; Ch5,AFGHAN STANDARD,MEDIUM
پانکراس,Pancreas,,,پانکراس (Pancreas),,لوزالمعده,Afghan institutional usage: MoPH publications / Afghanistan health sector documents / Afghan hospitals and Afghan medical-faculty material,"Afghan hospitals write «لوزالمعده» («... مانند مری، معده، روده کوچک، روده بزرگ، کبد، لوزالمعده»); پانکراس is the international transliteration and is what students meet in exam questions. Both are Afghan — kept پانکراس, لوزالمعده registered as an accepted variant.",Ch2 (RER-rich acinar cell); Ch4,COMMON AFGHAN TRANSLITERATION,MEDIUM
آلرژی,Allergy,,,آلرژی (Allergy),,,Afghan institutional usage: MoPH publications / Afghanistan health sector documents / Afghan hospitals and Afghan medical-faculty material,"Kept. Afghan hospital text uses «تداوی حساسیت های...» (حساسیت) for allergy, but in this book حساسیت is reserved for the DIFFERENT concept hypersensitivity/sensitivity («حساسیت فوری»، «حساسیت زیاد»), so replacing it would create a collision. آلرژی is a transliteration current in Afghanistan, not an Iranian-specific form. Do NOT register حساسیت as a variant here.",Ch4/Ch5 (Type I hypersensitivity),COMMON AFGHAN TRANSLITERATION,MEDIUM
غشا,Membrane,,,غشا (Membrane),,غشاء,Afghan institutional usage: MoPH publications / Afghanistan health sector documents / Afghan hospitals and Afghan medical-faculty material,"Orthographic variant only: غشا / غشاء. Both occur in Afghan and Iranian writing; the book uses غشا consistently (302 uses, غشاء 0). Purely a consistency note — no contamination involved.",Whole book,AFGHAN STANDARD,HIGH
پروتئین,Protein,,,پروتئین (Protein),,پروتین,"TolAfghan, فزیولوژی حجره (Afghan cell-physiology text) — «پیش‌رشته‌ها از دو نوع پروتئین کروی مشابه … تشکیل شده‌اند»؛ ME7/ME12 use the simplified spelling «پروتین»","International transliteration; standard in Afghan medical writing. A simplified spelling پروتین occurs in Dari but is not the Afghan medical standard, so it is recorded only as an accepted variant, not as a preferred form.",Whole book,AFGHAN STANDARD,HIGH
عفونت,Infection,,,عفونت (Infection),,,Afghan institutional usage: MoPH publications / Afghanistan health sector documents / Afghan hospitals and Afghan medical-faculty material,"Kept. Afghan clinic register: «تداوی امراض مختلفه انتانی (عفونت، مکروبی)» — i.e. Afghan usage pairs the adjective انتانی (infectious; cf. «شفاخانه انتانی»، «امراض انتانی») with the noun عفونت, which is current in Afghanistan. Not registered as a variant of انتانی: different part of speech, so an INCONSIST flag would be meaningless.",Ch3; Ch4; Ch5,AFGHAN STANDARD,MEDIUM
لنفوئید,Lymphoid,,,لنفوئید (Lymphoid),,لمفوئید;لمفاوی,Afghan institutional usage: MoPH publications / Afghanistan health sector documents / Afghan hospitals and Afghan medical-faculty material,"Afghan histology teaching uses لنفاوی for lymphatic (Afghan faculty text: «ندول لنفاوی»); the -oid adjective is لنفوئید. The book had split across لمفوئید (2), لمفاوی (2) and لنفاوی (21) — an internal split, not a second Afghan standard, so all three were unified. CONFIDENCE MEDIUM: no Afghan source was found that writes لنفوئیدی explicitly.",Ch2; Ch4; Ch5,AFGHAN STANDARD,MEDIUM
کربوهیدرات,Carbohydrate,,,کربوهیدرات (Carbohydrate),کاربوهایدریت;کاربوهایدریت‌ها;کاربوهایدریتی,,No Afghan source located for either spelling,"INVENTED FORM WITHDRAWN in pass 3. کاربوهایدریت was created by translating the English morphemes carbo- + hydrate; it appears in no Afghan source and is now forbidden. The standard transliteration کربوهیدرات is restored. Afghan MoE textbooks write «قندها» or «پولی‌میری های طبیعی، قندها، پروتین ها» rather than a single term for carbohydrate, so no established Afghan medical term could be identified. Per the directive, when no reliable Afghan terminology can be established the book does not invent one — it uses the established transliteration and flags it. NOTE: «قندها» (= sugars) is a related but DIFFERENT concept and is deliberately NOT registered as an accepted variant; registering a gloss would produce a meaningless inconsistency flag (README §4.2).",Ch1 (PAS); Ch2 (glycocalyx); Ch5 (GAG),VERIFY FURTHER,UNRESOLVED
ارگانل,Organelle,,,ارگانل (Organelle),اندامک;اندامک‌ها;اندامک‌های;اندامک‌هایی;اندامکِ;اندامکی,,"Afghan MoE Biology Grade 7 (moe.gov.af, Kabul 1398) — «ساختمان‌های کوچکی … به‌نام اعضاچه یا ارگانل (Organelle) حجره یاد شده»","Recovered in pass 3. اندامک was the Iranian form used by the first draft; the official Afghan school textbook that introduces the concept names it ارگانل (with the Dari descriptor اعضاچه). ارگانل is therefore the form an Afghan student meets first, and اندامک is now forbidden.",Ch1; Ch2; Ch3; Ch5,AFGHAN STANDARD,HIGH
نیورون,Neuron,,,نیورون (Neuron),نورون;نورون‌ها;نورون‌های;نورونی,,Afghan MoE Science Grade 12 (moe.gov.af) — «نیورون دوم سیناپسی را بیشتر تحریک کنند»، «نیورون های حرکي»,"Recovered in pass 3. نورون was the Iranian form used by the first draft; the official Afghan Grade-12 science textbook writes نیورون consistently. This also matches the Afghan transliteration pattern of a prosthetic vowel (cf. ایون, انزایم, استروئید). نورون is now forbidden.",Ch2; Ch3,AFGHAN STANDARD,HIGH
